file,questions
batch_001_output.json,199
batch_002_output.json,202
batch_003_output.json,203
batch_004_output.json,191
batch_005_output.json,196
batch_006_output.json,206
batch_007_output.json,215
batch_008_output.json,202
batch_009_output.json,191
batch_010_output.json,199
batch_011_output.json,220
batch_012_output.json,197
batch_013_output.json,191
batch_014_output.json,203
batch_015_output.json,187
batch_016_output.json,225
batch_017_output.json,209
batch_018_output.json,206
batch_019_output.json,209
batch_020_output.json,334
batch_021_output.json,296
batch_022_output.json,312
batch_023_output.json,298
batch_024_output.json,331
batch_025_output.json,333
batch_026_output.json,331
batch_027_output.json,284
batch_028_output.json,285
batch_029_output.json,315
batch_030_output.json,332
batch_031_output.json,289
batch_032_output.json,288
batch_033_output.json,274
batch_034_output.json,263
batch_035_output.json,232
batch_036_output.json,269
batch_037_output.json,254
batch_038_output.json,264
batch_039_output.json,288
batch_040_output.json,271
batch_041_output.json,272
batch_042_output.json,265
batch_043_output.json,281
batch_044_output.json,276
batch_045_output.json,276
batch_046_output.json,277
batch_047_output.json,248
batch_048_output.json,276
batch_049_output.json,281
batch_050_output.json,269
batch_051_output.json,284
batch_052_output.json,269
batch_053_output.json,135
